input,type,filename
/file/free_size_file/pkpadmin840-4082-1-CE-30-66.pdf,application/pdf,pkpadmin840-4082-1-CE-30-66.pdf
/file/free_size_file/pkpadmin840-4082-1-CE-33-66.pdf,application/pdf,pkpadmin840-4082-1-CE-33-66.pdf
/file/free_size_file/pkpadmin840-4082-1-CE-36-66.pdf,application/pdf,pkpadmin840-4082-1-CE-36-66.pdf
/file/free_size_file/png-5mb-1.png,image/png,png-5mb-1.png
/file/free_size_file/10592-001.pdf,application/pdf,10592-001.pdf
/file/free_size_file/d_ifta_journal_17.pdf,application/pdf,d_ifta_journal_17.pdf
/file/free_size_file/ef1710en -merged.pdf,application/pdf,ef1710en -merged.pdf
/file/free_size_file/ef1710en -merged_merged.pdf,application/pdf,ef1710en -merged_merged.pdf
/file/free_size_file/ef1710en.pdf,application/pdf,ef1710en.pdf
/file/free_size_file/Free_Test_Data_1MB_PDF.pdf,application/pdf,Free_Test_Data_1MB_PDF.pdf
/file/free_size_file/pkpadmin840-4082-1-CE.pdf,application/pdf,pkpadmin840-4082-1-CE.pdf
